,image_id,image_url,tweet_url
0,none,none,none
4,1515112626904346632,http://pbs.twimg.com/media/FQbC6CFXsAgCouD.jpg,https://twitter.com/jbporter/status/1515112637155229696
5,1515112626908454919,http://pbs.twimg.com/media/FQbC6CGWYAcBrK9.jpg,https://twitter.com/jbporter/status/1515112637155229696
7,1515074892449820674,http://pbs.twimg.com/media/FQaglmSVsAIEaDW.jpg,https://twitter.com/GregCowboys/status/1515111946206408704
8,1515074892458201090,http://pbs.twimg.com/media/FQaglmUVkAIp9-V.jpg,https://twitter.com/GregCowboys/status/1515111946206408704
9,1515074892609175552,http://pbs.twimg.com/media/FQaglm4VQAAkvsL.jpg,https://twitter.com/GregCowboys/status/1515111946206408704
10,1515074892453974017,http://pbs.twimg.com/media/FQaglmTVEAEupfZ.jpg,https://twitter.com/GregCowboys/status/1515111946206408704
12,1515108827582107650,http://pbs.twimg.com/media/FQa_c4gXEAIsKzo.jpg,https://twitter.com/thatjohnavina/status/1515108831847759882
37,1515099133845319683,http://pbs.twimg.com/media/FQa2oohaMAMITH9.jpg,https://twitter.com/SSheedy10/status/1515099143500300296
40,1515093967595003910,http://pbs.twimg.com/media/FQax76vWYAYv43d.jpg,https://twitter.com/GraphicsKing209/status/1515093970573012994
45,1515085785011265549,http://pbs.twimg.com/media/FQaqfoPXIA0vGeC.jpg,https://twitter.com/BigDaddyTail/status/1515085790040236033
51,1515081363514347521,http://pbs.twimg.com/media/FQameQ4WUAELG8A.jpg,https://twitter.com/sneakerboxClyde/status/1515081367838674949
52,1515081363510206469,http://pbs.twimg.com/media/FQameQ3XIAUSLWF.jpg,https://twitter.com/sneakerboxClyde/status/1515081367838674949
56,1515075477198811146,http://pbs.twimg.com/media/FQahHopXMAozEEl.jpg,https://twitter.com/ryanoconnell79/status/1515075480331902976
73,1515062139345637390,http://pbs.twimg.com/media/FQaU_RRXEA49FbF.jpg,https://twitter.com/joshmanmode_/status/1515062171469848583
99,1515030054560014343,http://pbs.twimg.com/media/FQZ3zsIXIAc4ypW.jpg,https://twitter.com/justintarte/status/1515030068795424790
100,1515030054841065490,http://pbs.twimg.com/media/FQZ3ztLXoBIkkGU.jpg,https://twitter.com/justintarte/status/1515030068795424790
101,1515030054845169666,http://pbs.twimg.com/media/FQZ3ztMWQAIErNt.jpg,https://twitter.com/justintarte/status/1515030068795424790
102,1515030054861950979,http://pbs.twimg.com/media/FQZ3ztQWUAMhqI8.jpg,https://twitter.com/justintarte/status/1515030068795424790
104,1514825850981535745,http://pbs.twimg.com/ext_tw_video_thumb/1514825850981535745/pu/img/CRYNEX4y_xW5DTRp.jpg,https://twitter.com/officialsimong/status/1515027181453328384
106,1515026508175323140,http://pbs.twimg.com/ext_tw_video_thumb/1515026508175323140/pu/img/mhHO0eL8qFVyrTlz.jpg,https://twitter.com/VinniePenn/status/1515026659820412932
112,1515021959029039104,http://pbs.twimg.com/media/FQZwcd7XoAAnOni.jpg,https://twitter.com/bphillsthe3rd/status/1515021966578700304
113,1515020863657099267,http://pbs.twimg.com/media/FQZvctWWQAMXzcd.jpg,https://twitter.com/davecarey_/status/1515020868090580994
124,1515011900198825987,http://pbs.twimg.com/media/FQZnS93XMAM3qiM.jpg,https://twitter.com/michaelcaldwell/status/1515011906154684421
129,1515004307438985217,http://pbs.twimg.com/media/FQZgZAoWYAEMmhQ.jpg,https://twitter.com/CryptoConcept72/status/1515004704027205643
137,1514999106070061058,http://pbs.twimg.com/media/FQZbqQBXIAIfvB3.jpg,https://twitter.com/powerful_path/status/1514999121274449920
140,1514995482652725252,http://pbs.twimg.com/ext_tw_video_thumb/1514995482652725252/pu/img/kNY8OyO1gqSYw2OJ.jpg,https://twitter.com/joshmanmode_/status/1514997198588719117
144,1514990420853673984,http://pbs.twimg.com/media/FQZTwtEaUAAapCy.jpg,https://twitter.com/BigDaddyTail/status/1514990422484992004
146,1514984331252756484,http://pbs.twimg.com/ext_tw_video_thumb/1514984331252756484/pu/img/BkPE5Jh-u0fbQFXw.jpg,https://twitter.com/agrillo44/status/1514984417428914178
159,1514979551025463303,http://pbs.twimg.com/media/FQZJ3_zagAccTRK.jpg,https://twitter.com/jpgftw/status/1514979559807938560
160,1514976045447135236,http://pbs.twimg.com/tweet_video_thumb/FQZGr8gaQAQjODf.jpg,https://twitter.com/SisoNtuli/status/1514976053156065283
164,1514975086960582660,http://pbs.twimg.com/media/FQZF0J3aIAQd1ly.jpg,https://twitter.com/BramPresser/status/1514975090286501890
168,1514967726174916621,http://pbs.twimg.com/media/FQY_HszWUA05iBB.jpg,https://twitter.com/dikdikDVD/status/1514967728729247749
170,1514966738525470722,http://pbs.twimg.com/tweet_video_thumb/FQY-ONhXwAIUqDM.jpg,https://twitter.com/dontblink2ice/status/1514966744946946048
174,1514964041244061697,http://pbs.twimg.com/media/FQY7xNXXsAE_2Ry.jpg,https://twitter.com/MadWolf_TV/status/1514964043093757957
183,1514825132249739266,http://pbs.twimg.com/media/FQW9bpCUcAInPX6.jpg,https://twitter.com/officialsimong/status/1514936583505342468
185,1514830710300979202,http://pbs.twimg.com/ext_tw_video_thumb/1514830710300979202/pu/img/O5X7y55QHVz-0MI8.jpg,https://twitter.com/ZeroLordTheGr8/status/1514933942696255488
187,1514899937087082501,http://pbs.twimg.com/media/FQYBd2xWUAUUZIx.jpg,https://twitter.com/alberandroidain/status/1514928493360033794
188,1514925242661150724,http://pbs.twimg.com/tweet_video_thumb/FQYYe1YXIAQtY9X.jpg,https://twitter.com/dadLife_Gaming/status/1514925254258397188
189,1514710301240967189,http://pbs.twimg.com/media/FQVU_mMXwBU6vqK.jpg,https://twitter.com/dadLife_Gaming/status/1514924966915026951
193,1514909124538114066,http://pbs.twimg.com/media/FQYJ0osXoBI1FE2.jpg,https://twitter.com/SammmySam_93/status/1514914877403402243
203,1514897638327525376,http://pbs.twimg.com/media/FQX_YDOXIAAMunT.jpg,https://twitter.com/GraphicsKing209/status/1514897642781880322
206,1514888276582223874,http://pbs.twimg.com/media/FQX23IAWUAIXyNF.jpg,https://twitter.com/trooinuocmam/status/1514888279706980354
241,1514786098177732618,http://pbs.twimg.com/media/FQWZ7jyVcAoEuzZ.jpg,https://twitter.com/Bobbyh78/status/1514786106910265348
250,1514767335369846791,http://pbs.twimg.com/media/FQWI3a4VsAcVDZh.jpg,https://twitter.com/codsow/status/1514767351857786883
252,1514763067199959084,http://pbs.twimg.com/media/FQWE--tVsCwcmZz.jpg,https://twitter.com/5280Keith/status/1514763072811937812
253,1514763067455811593,http://pbs.twimg.com/media/FQWE-_qVsAkJT5h.jpg,https://twitter.com/5280Keith/status/1514763072811937812
278,1514726951973494785,http://pbs.twimg.com/media/FQVkIzAXIAEl-dA.jpg,https://twitter.com/popyum/status/1514726954771095562
280,1514723984981512200,http://pbs.twimg.com/media/FQVhcGGWUAgwKuB.jpg,https://twitter.com/SamRainer/status/1514723993307299846
295,1514695740135780357,http://pbs.twimg.com/media/FQVHwB2XMAUQC_e.jpg,https://twitter.com/dadlife_mike/status/1514695745030524934
300,1514689308015403012,http://pbs.twimg.com/media/FQVB5oVXIAQlfh2.jpg,https://twitter.com/Addicted_Bcn/status/1514689312058662926
314,1514675777551351817,http://pbs.twimg.com/media/FQU1mDbWQAk08-p.jpg,https://twitter.com/realkrisjamez/status/1514675780344852485
320,1514666972658737152,http://pbs.twimg.com/media/FQUtlipXIAAUsVs.jpg,https://twitter.com/GraphicsKing209/status/1514666977746378756
322,1514090501481254912,http://pbs.twimg.com/ext_tw_video_thumb/1514090501481254912/pu/img/fEFIzjcegVg3cyi7.jpg,https://twitter.com/officialsimong/status/1514664786960785413
331,1514654940760793090,http://pbs.twimg.com/media/FQUipMVWYAIwjuB.jpg,https://twitter.com/athletescoachjb/status/1514654943600386056
364,1514624573827862538,http://pbs.twimg.com/media/FQUHBmsWUAoVRFB.jpg,https://twitter.com/CptKaoss/status/1514624578076692480
389,1514598437173399555,http://pbs.twimg.com/media/FQTvQQEVEAMaOId.jpg,https://twitter.com/EmiBanciu/status/1514598452335984641
390,1514598437198565381,http://pbs.twimg.com/media/FQTvQQKVEAUb2Dg.jpg,https://twitter.com/EmiBanciu/status/1514598452335984641
398,1514569532534317072,http://pbs.twimg.com/ext_tw_video_thumb/1514569532534317072/pu/img/-aEDIglW1TfoSNaV.jpg,https://twitter.com/STSD_McKinley/status/1514589132928036869
402,1514584553670725645,http://pbs.twimg.com/media/FQTioH_WUA0pYkx.jpg,https://twitter.com/skizdidlyidler/status/1514584567558156290
407,1514574389962027011,http://pbs.twimg.com/media/FQTZYhOXMAMH6mC.jpg,https://twitter.com/FraterBoys_Dad/status/1514574393094987779
408,1514574246319738882,http://pbs.twimg.com/media/FQTZQKHX0AIwX7m.jpg,https://twitter.com/FraterBoys_Dad/status/1514574248295256076
409,1514089657759244294,http://pbs.twimg.com/ext_tw_video_thumb/1514089657759244294/pu/img/H6ES4_i1Z314XVHL.jpg,https://twitter.com/officialsimong/status/1514574194582859782
413,1514550031554162689,http://pbs.twimg.com/media/FQTDOrFXsAEzekH.jpg,https://twitter.com/ziteely/status/1514550032443322368
414,1514007466715107328,http://pbs.twimg.com/media/FQLVxPjX0AA7bM3.jpg,https://twitter.com/ffsdSomething/status/1514548500264071173
416,1514546747091136515,http://pbs.twimg.com/media/FQTAPfgXMAM87pK.jpg,https://twitter.com/ziteely/status/1514546747850301440
417,1514538044409487362,http://pbs.twimg.com/media/FQS4U7fXoAIR0Yy.jpg,https://twitter.com/ahyde635/status/1514538046955429898
423,1514516924163670019,http://pbs.twimg.com/media/FQSlHkcXwAMHpcB.jpg,https://twitter.com/JoeRoxtar/status/1514516940135538689
431,1514477358526386179,http://pbs.twimg.com/media/FQSBIi9WUAMs2Kv.jpg,https://twitter.com/Chakalate_/status/1514477360120225793
434,1514462145575981056,http://pbs.twimg.com/media/FQRzTCTVEAAkJni.jpg,https://twitter.com/MrJohnFiorella/status/1514462148893691907
444,1514428450341326856,http://pbs.twimg.com/ext_tw_video_thumb/1514428450341326856/pu/img/Cl3jOW0XWh0-lvki.jpg,https://twitter.com/CoachJayOvalles/status/1514428748254298113
456,1514392059070799873,http://pbs.twimg.com/ext_tw_video_thumb/1514392059070799873/pu/img/znyTN5kh6uO92WFg.jpg,https://twitter.com/zzsmiller/status/1514392168466731011
459,1514389851751301120,http://pbs.twimg.com/media/FQQxi-0XwAAmRDZ.jpg,https://twitter.com/DrakeFantasy/status/1514389855601577988
461,1514387829954072583,http://pbs.twimg.com/media/FQQvtTCWUAcUVlj.jpg,https://twitter.com/GlennMueller_jr/status/1514387837147398147
462,1514387830121897987,http://pbs.twimg.com/media/FQQvtTqXIAMh1F0.jpg,https://twitter.com/GlennMueller_jr/status/1514387837147398147
468,1514386422886715396,http://pbs.twimg.com/media/FQQubZTWUAQME5F.jpg,https://twitter.com/fightingirish57/status/1514386427303407618
488,1514362172402552837,http://pbs.twimg.com/media/FQQYX1NX0AU0dqa.jpg,https://twitter.com/basicallly_jake/status/1514362178350067725
505,1513930439467036673,http://pbs.twimg.com/tweet_video_thumb/FQKPtqsVcAEG4PM.jpg,https://twitter.com/AutismGamer/status/1514338247333367814
510,1514062947814764545,http://pbs.twimg.com/media/FQMIOqwUcAEFevZ.jpg,https://twitter.com/bandikr1/status/1514327158444888064
511,1514326327859548185,http://pbs.twimg.com/media/FQP3xZ4XEBkptrK.jpg,https://twitter.com/dayhikingtrails/status/1514326331558871041
516,1514322320181104648,http://pbs.twimg.com/media/FQP0IIHXEAgkYon.jpg,https://twitter.com/Jon_Pollard/status/1514322326023770119
518,1514319398517059595,http://pbs.twimg.com/media/FQPxeEEXsAsGNj5.jpg,https://twitter.com/HunterHindsman/status/1514319423657721866
519,1514319398525444102,http://pbs.twimg.com/media/FQPxeEGXoAY7V55.jpg,https://twitter.com/HunterHindsman/status/1514319423657721866
534,1514301234936627200,http://pbs.twimg.com/media/FQPg8zdVQAAX6t4.jpg,https://twitter.com/Christi49034502/status/1514302718466301959
536,1514079652762959878,http://pbs.twimg.com/ext_tw_video_thumb/1514079652762959878/pu/img/mwo4uM6sYjS-kbVz.jpg,https://twitter.com/officialsimong/status/1514302401645228033
564,1514265165574848514,http://pbs.twimg.com/media/FQPAJSnWQAIOEDY.jpg,https://twitter.com/EcoSocialist84/status/1514265173074358277
578,1514250224499400716,http://pbs.twimg.com/media/FQOyjmxXoAwZdNL.jpg,https://twitter.com/HankimusPrime7/status/1514250230316904454
579,1514250224490975241,http://pbs.twimg.com/media/FQOyjmvXEAkH7KT.jpg,https://twitter.com/HankimusPrime7/status/1514250230316904454
583,1514248421737058304,http://pbs.twimg.com/media/FQOw6q9VUAAq4I3.jpg,https://twitter.com/ThatababyComic/status/1514248686728933377
595,1514232709052309511,http://pbs.twimg.com/media/FQOioEpXIAcMDV4.jpg,https://twitter.com/dikdikDVD/status/1514232716606201865
600,1514224303134367754,http://pbs.twimg.com/media/FQOa-yKWYAoHJwX.jpg,https://twitter.com/Richard_N_Evans/status/1514224329780781057
602,1514223202641354755,http://pbs.twimg.com/media/FQOZ-ugXoAMm0uz.jpg,https://twitter.com/Eurymachuss/status/1514223208504905728
606,1514219692222816256,http://pbs.twimg.com/tweet_video_thumb/FQOWyZLXoAA7cVI.jpg,https://twitter.com/sandgfx/status/1514219698484916229
609,1514212722866630665,http://pbs.twimg.com/media/FQOQcuTXsAk2hmp.jpg,https://twitter.com/davecarey_/status/1514212733595619338
610,1514212722870824964,http://pbs.twimg.com/media/FQOQcuUXsAQrMP7.jpg,https://twitter.com/davecarey_/status/1514212733595619338
611,1514078952855203842,http://pbs.twimg.com/media/FQMWySLUcAIH8Qt.jpg,https://twitter.com/officialsimong/status/1514211800165888009
615,1514181128898420738,http://pbs.twimg.com/media/FQNzttmXIAIywX7.jpg,https://twitter.com/robdimartino/status/1514181136745963526
628,1512188698049327114,http://pbs.twimg.com/media/FPxfm-SXMAoyJfy.jpg,https://twitter.com/veronicasage/status/1514113172520660994
639,1514072979348463617,http://pbs.twimg.com/media/FQMRWlIVIAErtGD.jpg,https://twitter.com/elimherr/status/1514072981525315586
679,1514026587376676866,http://pbs.twimg.com/media/FQLnKNkVcAI7ncu.jpg,https://twitter.com/NickBobir/status/1514026590287540228
685,1514018454629715968,http://pbs.twimg.com/media/FQLfw0uXEAACAAk.jpg,https://twitter.com/GutterDetroit/status/1514018461818707969
687,1514017048426278914,http://pbs.twimg.com/ext_tw_video_thumb/1514017048426278914/pu/img/vdlBIspTtaLID4DO.jpg,https://twitter.com/BoozeDonkey/status/1514017095016542209
688,1514015009201967110,http://pbs.twimg.com/media/FQLcoRgX0AYzx1O.jpg,https://twitter.com/BlackBeardToys/status/1514015012641255425
691,1514005459119661061,http://pbs.twimg.com/ext_tw_video_thumb/1514005459119661061/pu/img/V7KPJ8QPT8hibu-H.jpg,https://twitter.com/heir_jordans/status/1514005523670085639
692,1514004151834976256,http://pbs.twimg.com/media/FQLSwSqXIAAPdmu.jpg,https://twitter.com/Mr_Altcasa/status/1514004155932815373
698,1513994235229335553,http://pbs.twimg.com/media/FQLJvEbVcAErGqf.jpg,https://twitter.com/BoozeDonkey/status/1513994237385224196
699,1513993790377410571,http://pbs.twimg.com/media/FQLJVLOXwAsYtZz.jpg,https://twitter.com/Lewsers/status/1513993797532852234
701,1513983955845976065,http://pbs.twimg.com/media/FQLAYuvXEAEuWsV.jpg,https://twitter.com/haiku_dad/status/1513983965086072838
709,1513973955656392705,http://pbs.twimg.com/media/FQK3SpIXoAEpRWV.jpg,https://twitter.com/lverdejo81/status/1513973964099489802
726,1513955197168627713,http://pbs.twimg.com/tweet_video_thumb/FQKmOwUXsAE6SxP.jpg,https://twitter.com/dadlife_mike/status/1513955202826657808
727,1513660887734923266,http://pbs.twimg.com/media/FQGajsPXsAIYkBZ.jpg,https://twitter.com/Cryptoescobarjr/status/1513954496858185735
728,1513660887906897925,http://pbs.twimg.com/media/FQGajs4X0AUhjc5.jpg,https://twitter.com/Cryptoescobarjr/status/1513954496858185735
729,1513660891501322242,http://pbs.twimg.com/media/FQGaj6RWYAI78sg.jpg,https://twitter.com/Cryptoescobarjr/status/1513954496858185735
730,1513660901164998657,http://pbs.twimg.com/media/FQGakeRWYAEoNxR.jpg,https://twitter.com/Cryptoescobarjr/status/1513954496858185735
733,1513946642248052737,http://pbs.twimg.com/tweet_video_thumb/FQKecywXMAETBLT.jpg,https://twitter.com/GeraltTeacher/status/1513946649688789001
736,1513741660529774592,http://pbs.twimg.com/ext_tw_video_thumb/1513741660529774592/pu/img/pEm5lANmdvgwNaSF.jpg,https://twitter.com/officialsimong/status/1513940012735205376
738,1513938221629120516,http://pbs.twimg.com/media/FQKWypgXIAQojk3.jpg,https://twitter.com/dadsporsche/status/1513938225198510083
751,1513920936608681996,http://pbs.twimg.com/media/FQKHEhyWUAwi4mI.jpg,https://twitter.com/Dear_Theophilus/status/1513920955902529550
755,1513916436283985923,http://pbs.twimg.com/ext_tw_video_thumb/1513916436283985923/pu/img/p3fYIYI_vTRkv3EL.jpg,https://twitter.com/burnandravepod/status/1513916464440307717
764,1513905695862636549,http://pbs.twimg.com/media/FQJ5NZlVQAU-iV8.jpg,https://twitter.com/ThatababyComic/status/1513905854109474818
789,1513862169628233730,http://pbs.twimg.com/tweet_video_thumb/FQJRn1uX0AI2puP.jpg,https://twitter.com/artofgg/status/1513862180894085127
792,1513860137722728449,http://pbs.twimg.com/media/FQJPxkSWUAEZ2Hu.jpg,https://twitter.com/JabulaniMzee/status/1513860141480882181
798,1513740595013251074,http://pbs.twimg.com/media/FQHjDQ_acAI4Ocb.jpg,https://twitter.com/officialsimong/status/1513849413302513668
799,1513845789310783488,http://pbs.twimg.com/media/FQJCuYSXEAAJA0k.jpg,https://twitter.com/AlexanderSirois/status/1513845793970655237
801,1513834504955346944,http://pbs.twimg.com/tweet_video_thumb/FQI4diyXwAAyitS.jpg,https://twitter.com/dadLife_Gaming/status/1513834512073076740
819,1513759681885392898,http://pbs.twimg.com/media/FQH0aRIWUAI0QBW.jpg,https://twitter.com/MattyNonsense/status/1513759687304355842
820,1513759681793368064,http://pbs.twimg.com/media/FQH0aQyaIAAy_Eu.jpg,https://twitter.com/MattyNonsense/status/1513759687304355842
821,1513759681797574663,http://pbs.twimg.com/media/FQH0aQzaUAcT94C.jpg,https://twitter.com/MattyNonsense/status/1513759687304355842
837,1513718789036298241,http://pbs.twimg.com/tweet_video_thumb/FQHPN_ZX0AEHwSX.jpg,https://twitter.com/PegCitySports/status/1513718806623006721
840,1513662441695358976,http://pbs.twimg.com/media/FQGb-JMaMAAKGJF.jpg,https://twitter.com/J5C17/status/1513708453583228933
847,1513699204148961284,http://pbs.twimg.com/media/FQG9aAAXIAQYuNn.jpg,https://twitter.com/mikethemovieguy/status/1513699207357648896
859,1513692063224975360,http://pbs.twimg.com/ext_tw_video_thumb/1513692063224975360/pu/img/c_b9uGx5wPsQxMxM.jpg,https://twitter.com/lynam/status/1513692124495040515
864,1513685618886430724,http://pbs.twimg.com/media/FQGxDO9X0AQGuC_.jpg,https://twitter.com/dawgs_forever/status/1513685630013911041
872,1513681721761595392,http://pbs.twimg.com/media/FQGtgZCaAAAs39t.jpg,https://twitter.com/bbart76/status/1513681727767515137
887,1513668978274881536,http://pbs.twimg.com/media/FQGh6n2aUAAw6X0.jpg,https://twitter.com/JimmyBible/status/1513668988579966979
910,1513621336035409927,http://pbs.twimg.com/ext_tw_video_thumb/1513621336035409927/pu/img/awvcv7ILDkLhQs3k.jpg,https://twitter.com/codsow/status/1513621407288238080
911,1513276728386412547,http://pbs.twimg.com/media/FQA9KrJWYAMISFL.jpg,https://twitter.com/emkay531/status/1513620500123115523
912,1513276732194926594,http://pbs.twimg.com/media/FQA9K5VXsAIotKK.jpg,https://twitter.com/emkay531/status/1513620500123115523
913,1513276736150159373,http://pbs.twimg.com/media/FQA9LIEXwA09kOK.jpg,https://twitter.com/emkay531/status/1513620500123115523
914,1513276739862073348,http://pbs.twimg.com/media/FQA9LV5XEAQ4HCL.jpg,https://twitter.com/emkay531/status/1513620500123115523
922,1513613443882004480,http://pbs.twimg.com/tweet_video_thumb/FQFvaGHXsAA6Out.jpg,https://twitter.com/dikdikDVD/status/1513613450324365313
927,1512952548063334405,http://pbs.twimg.com/media/FP8WU5VWUAUkHyj.jpg,https://twitter.com/Kyle287094751/status/1513603617068093440
928,1513603250657931264,http://pbs.twimg.com/media/FQFmIxZXsAAWvVY.jpg,https://twitter.com/GraphicsKing209/status/1513603256420904967
944,1513389864691150851,http://pbs.twimg.com/ext_tw_video_thumb/1513389864691150851/pu/img/9vnQT9AwNFfhKz3u.jpg,https://twitter.com/officialsimong/status/1513577622973915140
946,1513573515982950402,http://pbs.twimg.com/media/FQFLF_GaUAIvQ1G.jpg,https://twitter.com/dejordy92/status/1513573518096547840
960,1513562925923016713,http://pbs.twimg.com/ext_tw_video_thumb/1513562925923016713/pu/img/dvCUf0MJjI1gdb_0.jpg,https://twitter.com/AintShxtandCo/status/1513562963919228930
967,1513279793420247040,http://pbs.twimg.com/media/FQA_9FSXIAASfsZ.jpg,https://twitter.com/IYoHuckleBearer/status/1513548910970740746
987,1513519076148400131,http://pbs.twimg.com/media/FQEZlK6aUAMJqpK.jpg,https://twitter.com/neo_mexicanus/status/1513519083479728133
1001,1513389003541778433,http://pbs.twimg.com/media/FQCjR8sXEAESFsq.jpg,https://twitter.com/officialsimong/status/1513487034714755072
1003,1513480480032796673,http://pbs.twimg.com/media/FQD2elLXsAEH6Jb.jpg,https://twitter.com/TheStuCummins/status/1513480485791571970
1010,1513456326067822592,http://pbs.twimg.com/media/FQDggopXIAAVI4x.jpg,https://twitter.com/Adam1632/status/1513456331235147776
1033,1513353102174429194,http://pbs.twimg.com/ext_tw_video_thumb/1513353102174429194/pu/img/p2xBuUCdExlV7NFO.jpg,https://twitter.com/therealtireddm/status/1513353220063744000
1040,1513347038662078464,http://pbs.twimg.com/media/FQB9HRVXsAASL8l.jpg,https://twitter.com/jamesrcs/status/1513347041417592833
1041,1513343730576678912,http://pbs.twimg.com/media/FQB6GtwWYAA-BXS.jpg,https://twitter.com/AxieSpike/status/1513343733898657800
1050,1513330793828999173,http://pbs.twimg.com/media/FQBuVsnWYAUJgFD.jpg,https://twitter.com/RazorSharpPicks/status/1513330797285199882
1052,1513327535379079179,http://pbs.twimg.com/media/FQBrYB8WYAsiFEs.jpg,https://twitter.com/KryptoJedi1000/status/1513327548947521536
1054,1513326179847389184,http://pbs.twimg.com/media/FQBqJIMaQAAsvGX.jpg,https://twitter.com/ZellnerMeagan/status/1513326187359072261
1055,1513302688959713280,http://pbs.twimg.com/media/FQBUxx0WUAA7WKY.jpg,https://twitter.com/Stan_Fischer/status/1513325296359030786
1057,1513321421379981315,http://pbs.twimg.com/ext_tw_video_thumb/1513321421379981315/pu/img/d1OiTic54MVY5iqd.jpg,https://twitter.com/PaulyBear15/status/1513322592530309132
1068,1513310231345995777,http://pbs.twimg.com/media/FQBbozZXoAEng8p.jpg,https://twitter.com/kiddrussell/status/1513310242049769482
1076,1513301774895095812,http://pbs.twimg.com/media/FQBT8kqXIAQg3ae.jpg,https://twitter.com/tom_hibben/status/1513301785762582532
1083,1513280485849452546,http://pbs.twimg.com/ext_tw_video_thumb/1513280485849452546/pu/img/BIgVTi5uDUnjUj3j.jpg,https://twitter.com/MsM_Lewis/status/1513291009077219328
1084,1513288297560350720,http://pbs.twimg.com/ext_tw_video_thumb/1513288297560350720/pu/img/L1U5dpljGGKaBx4F.jpg,https://twitter.com/MrCourington53/status/1513288517920636931
1088,1513278982275350528,http://pbs.twimg.com/media/FQA_N3iWQAAXiKm.jpg,https://twitter.com/AlexK245/status/1513279003729317890
1089,1513278982262824960,http://pbs.twimg.com/media/FQA_N3fXIAAcQk5.jpg,https://twitter.com/AlexK245/status/1513279003729317890
1090,1513278982271164419,http://pbs.twimg.com/media/FQA_N3hWYAMCdNj.jpg,https://twitter.com/AlexK245/status/1513279003729317890
1091,1513278982287941634,http://pbs.twimg.com/media/FQA_N3lWYAITwCz.jpg,https://twitter.com/AlexK245/status/1513279003729317890
1109,1513260648108634117,http://pbs.twimg.com/media/FQAuircXsAU6_PA.png,https://twitter.com/WonderDads/status/1513260649614397440
1114,1513254617391542278,http://pbs.twimg.com/ext_tw_video_thumb/1513254617391542278/pu/img/t0vPAD1JywpGxylO.jpg,https://twitter.com/BruceTakefman/status/1513254714628100098
1123,1513241811984207881,http://pbs.twimg.com/media/FQAdaRaWUAk67Ih.jpg,https://twitter.com/mikethemovieguy/status/1513241827196997632
1124,1513241557880745991,http://pbs.twimg.com/media/FQAdLezXMAcPSmA.jpg,https://twitter.com/Richard_N_Evans/status/1513241566642585600
1136,1513230526018199557,http://pbs.twimg.com/ext_tw_video_thumb/1513230526018199557/pu/img/0MgST0BdW8PDJV2M.jpg,https://twitter.com/xsyntrex/status/1513230586617466884
1145,1513223847876698119,http://pbs.twimg.com/tweet_video_thumb/FQANEn5XIAcO7UJ.jpg,https://twitter.com/dontblink2ice/status/1513223853517983754
1146,1513222755457675268,http://pbs.twimg.com/media/FQAMFCUXsAQGlhw.jpg,https://twitter.com/steven_kuzmich/status/1513222761891581952
1156,1512313487262900225,http://pbs.twimg.com/ext_tw_video_thumb/1512313487262900225/pu/img/msFFC9LTP0Z3fHXM.jpg,https://twitter.com/officialsimong/status/1513215232730091529
1159,1513214426048049152,http://pbs.twimg.com/media/FQAEgM2XMAASBdM.jpg,https://twitter.com/TheStuCummins/status/1513214430296821763
1166,1513205394075791364,http://pbs.twimg.com/media/FP_8SeIXsAQePjm.jpg,https://twitter.com/ColeJacksonFB/status/1513205398161043466
1169,1513200407820083207,http://pbs.twimg.com/media/FP_3wO4XoAcNEQW.jpg,https://twitter.com/DaCrabsMTG/status/1513200414241529857
1180,1513180522683502600,http://pbs.twimg.com/media/FP_lqw-XEAg4fb1.jpg,https://twitter.com/Richard_N_Evans/status/1513180533416771585
1193,1513163799125180418,http://pbs.twimg.com/media/FP_WdU3WQAIOUL9.jpg,https://twitter.com/GraphicsKing209/status/1513163802153558023
1195,1513160575584555019,http://pbs.twimg.com/media/FP_ThsPX0AsOZnX.jpg,https://twitter.com/Richard_N_Evans/status/1513160585910710275
1196,1513159865539383299,http://pbs.twimg.com/ext_tw_video_thumb/1513159865539383299/pu/img/njOQOFqgpcCahdNH.jpg,https://twitter.com/cookiejonstergg/status/1513159965434810371
1202,1513147277812117507,http://pbs.twimg.com/media/FP_HbqLXMAMMTKJ.jpg,https://twitter.com/avdude/status/1513147283013095428
1203,1513146241307262987,http://pbs.twimg.com/media/FP_GfU5WQAsh_2p.jpg,https://twitter.com/AaronRadioGuy/status/1513146253244305413
1208,1513144045278797826,http://pbs.twimg.com/media/FP_EfgDXIAIGGEx.jpg,https://twitter.com/PodiatristRon/status/1513145014444040194
1218,1512312678236184579,http://pbs.twimg.com/media/FPzQXkeWYAMPp9b.jpg,https://twitter.com/officialsimong/status/1513124638515105798
1228,1513103882506977283,http://pbs.twimg.com/ext_tw_video_thumb/1513103882506977283/pu/img/59iShX0923qjFug7.jpg,https://twitter.com/ThePCHPodcast/status/1513103943538196485
1261,1513018692904304641,http://pbs.twimg.com/media/FP9SfCEWQAEDGG_.jpg,https://twitter.com/Feliana_eth/status/1513018718913236998
1267,1512992452155949057,http://pbs.twimg.com/media/FP86nnqaQAEqTbQ.jpg,https://twitter.com/jpgftw/status/1512992461106212865
1268,1512992458124443649,http://pbs.twimg.com/media/FP86n95aQAETDIh.jpg,https://twitter.com/jpgftw/status/1512992461106212865
1271,1512989484786274306,http://pbs.twimg.com/media/FP8365WWUAIJC1O.jpg,https://twitter.com/MegaBeard1/status/1512989487000956930
1274,1512983696001105921,http://pbs.twimg.com/media/FP8yp8cagAEUPw7.jpg,https://twitter.com/alanj___/status/1512983703236284418
1282,1512973121590022146,http://pbs.twimg.com/media/FP8pCbsWUAIEmFt.jpg,https://twitter.com/ScttyMacK/status/1512973127076130822
1283,1512970780673519619,http://pbs.twimg.com/media/FP8m6LGXMAMXrZ7.jpg,https://twitter.com/dan_musashi/status/1512970797370916865
1291,1512960978106859522,http://pbs.twimg.com/media/FP8d_lsWQAI7pG_.jpg,https://twitter.com/Pcoghlan/status/1512960981965713411
1299,1512946155042316288,http://pbs.twimg.com/media/FP8QgxeXIAA2dDD.jpg,https://twitter.com/dirtynerdygeek2/status/1512946158028664833
1305,1512311773046657028,http://pbs.twimg.com/media/FPzPi4YWUAQsl9n.jpg,https://twitter.com/officialsimong/status/1512943444607438849
