,ID,ScreenName,Date,text,media
0,1512217968075329539,mmawifey,Thu Apr 07 23:57:13 +0000 2022,"2nd load üß∫ so many to goooooo. üëöüëñüß¶
#momlife #laundryneverends #ikea #WalkOutShirt 
@ChrisPecero  üß© https://t.co/3J3ZzLX14c","[Media(ID=1512217961179795461, Type=photo, DisplayURL='pic.twitter.com/3J3ZzLX14c')]"
1,1512217580550991882,Abraham32041210,Thu Apr 07 23:55:41 +0000 2022,"RT @kumiomori: I‚Äôm trying to life betterüòÑ
#dysfunctional #weirdo #momlife #MILF #bignaturalbreasts #nomakeup #asiangirlswanted #JapaneseCut‚Ä¶",
2,1512216889438748675,LexiOstrow,Thu Apr 07 23:52:56 +0000 2022,"March 8, 2020 we watched @pixaronward in a very empty theater. Fitting that our first time back in a theater was al‚Ä¶ https://t.co/SymoLQiABE",
3,1512216866055499788,poppintimber,Thu Apr 07 23:52:51 +0000 2022,"RT @kumiomori: I‚Äôm trying to life betterüòÑ
#dysfunctional #weirdo #momlife #MILF #bignaturalbreasts #nomakeup #asiangirlswanted #JapaneseCut‚Ä¶",
4,1512216216835870726,bwillingham_1,Thu Apr 07 23:50:16 +0000 2022,"RT @lgraywillingham: Fun read-aloud for the kids. ""Chickens Don't Ski!""
https://t.co/1YkkCJUzZr

#kids #PB #kidlit #toddlers #baby #childre‚Ä¶",
5,1512215902992883713,goallyapps,Thu Apr 07 23:49:01 +0000 2022,In the same boat? Then don't forget to invite us to the party after using Goally's sleep mode üòè üéâ üí§‚Ä¶ https://t.co/0xXhGlQ4O1,
6,1512215348572999692,mag_rodd,Thu Apr 07 23:46:49 +0000 2022,having a hard time doing your toddler hair? put them on the high chair w a snack &amp; life will become easier ü§ç #momlife,
7,1512214777996656646,Mama_Monologues,Thu Apr 07 23:44:33 +0000 2022,"9yo (on FaceTime): On the count of 3 let's both make our best OLD face.
Me: 1, 2...
9yo: I mean, OBVIOUSLY you're g‚Ä¶ https://t.co/YPO96bB57D",
8,1512214219189534722,NapMonster715,Thu Apr 07 23:42:20 +0000 2022,"Sorry everyone for the abrupt end to stream. Good news is Napita is ok.  
These beautiful humans raided‚Ä¶ https://t.co/RKVc4tn0Sy",
9,1512214035135041537,samicat1982,Thu Apr 07 23:41:36 +0000 2022,"My husband from downstairs: 'I wanna play too!' üòÇ
I'm not intervening. He's on his own. ü§£ü§£ü§£
#momlife #boymom https://t.co/fE9LaqcXw1","[Media(ID=1512214028721950726, Type=animated_gif, DisplayURL='pic.twitter.com/fE9LaqcXw1')]"
10,1512213610436591618,kmaemaier,Thu Apr 07 23:39:54 +0000 2022,"HoneyBears &amp; SydneyBeans: 

Treatment &amp; Mongolian Chicken

https://t.co/I0qbOrIt3A

#blog #FoodBlogger #MomBlogger‚Ä¶ https://t.co/pScExsHljB",
11,1512213435358007299,_TheAnswerKey,Thu Apr 07 23:39:13 +0000 2022,The baby keeps turning off the numbers song when I join in.üòë They grow up so fast. #momlife,
12,1512213306366341121,kmaemaier,Thu Apr 07 23:38:42 +0000 2022,"Check out @HWYWHoney ep.270 Entitlement Slap

https://t.co/WasX641Gf7

Topics: COVID hang-over, World Cup Canada, B‚Ä¶ https://t.co/EmeyfDV7F1",
13,1512209668843741186,TeodoroMartne20,Thu Apr 07 23:24:15 +0000 2022,"RT @Supermom3v2: 20 year old sloppy bj again...
#blowedhim #blowyourload #bbw #momlife #milf #bbwbutt #bigbootylover https://t.co/jsTEjswNVG","[Media(ID=1499238213323526147, Type=video, DisplayURL='pic.twitter.com/jsTEjswNVG')]"
14,1512209663865016323,Momdotcom,Thu Apr 07 23:24:14 +0000 2022,Amazing Toys to Make Their Easter Extra Special https://t.co/CTtShJXF0g,
15,1512209208241971201,BethanyJarmul,Thu Apr 07 23:22:25 +0000 2022,"Being a mother makes me a better writer &amp; being a #writer makes me a better #mom. 

Being a mom = learning patience‚Ä¶ https://t.co/C4qVhDbvpo",
16,1512209131230449666,erravitanwer,Thu Apr 07 23:22:07 +0000 2022,"RT @SengiStrike: When you think she sleeping. 
#momlife #comics #comic #funny https://t.co/gXYSyEzKCq","[Media(ID=1512207579526664201, Type=photo, DisplayURL='pic.twitter.com/gXYSyEzKCq')]"
17,1512208625841881095,kvonyborg,Thu Apr 07 23:20:06 +0000 2022,"Husband:[Asks me a random question.] 
Both kids offer answers. 
H:I don't remember answering adult questions like t‚Ä¶ https://t.co/AAeXVrdfbl",
18,1512208350414520331,EmilyJPH,Thu Apr 07 23:19:00 +0000 2022,RT @EmilyJPH: I see you grief mama. I see your loss. I see you. I am you.¬†https://t.co/EJTF31zd67 #grief #momlife #motherhood #bereavedmom,
19,1512207735894560774,cultureyyc,Thu Apr 07 23:16:34 +0000 2022,"RT @CanadianMomof5: #homeschooling lesson:  being a kind &amp; thoughtful neighbor, baking and penmanship ü•∞‚úíÔ∏è #yyc #momlife https://t.co/odhmhz‚Ä¶",
20,1512207593388789770,SengiStrike,Thu Apr 07 23:16:00 +0000 2022,"When you think she sleeping. 
#momlife #comics #comic #funny https://t.co/gXYSyEzKCq","[Media(ID=1512207579526664201, Type=photo, DisplayURL='pic.twitter.com/gXYSyEzKCq')]"
21,1512207114856398848,CanadianMomof5,Thu Apr 07 23:14:06 +0000 2022,"#homeschooling lesson:  being a kind &amp; thoughtful neighbor, baking and penmanship ü•∞‚úíÔ∏è #yyc #momlife https://t.co/odhmhzenxG","[Media(ID=1512207112146890765, Type=photo, DisplayURL='pic.twitter.com/odhmhzenxG')]"
22,1512205925070905355,ablazier,Thu Apr 07 23:09:22 +0000 2022,"11YO: Looks for lost swim wear for 30 seconds - Will you use your magical mom powers to find my swim trunks?
Me: Yo‚Ä¶ https://t.co/uAgEHncZkC",
23,1512205293186433031,WTDWTK,Thu Apr 07 23:06:51 +0000 2022,My Kids Seem So Stressed‚ÄîWhat Can I Do to Create a Calmer Household?  Advice from our friends at Parents‚Ä¶ https://t.co/eVwQbqXQUH,
24,1512203999356760086,ViannaTheYoung,Thu Apr 07 23:01:43 +0000 2022,"Well, I picked up the toys and vacuumed. I ran over my child‚Äôs toes and I‚Äôm gonna have to pick up the toys again. Y‚Ä¶ https://t.co/krbQrDR5Kn",
25,1512203297549037573,comilla_s,Thu Apr 07 22:58:56 +0000 2022,"You know you‚Äôre a parent when‚Ä¶

Cleaning out &amp; organizing your pantry brings you more joy than cleaning out your ba‚Ä¶ https://t.co/YMtcClgOBJ",
26,1512203117667921922,Eliecer30130579,Thu Apr 07 22:58:13 +0000 2022,"RT @kumiomori: I‚Äôm trying to life betterüòÑ
#dysfunctional #weirdo #momlife #MILF #bignaturalbreasts #nomakeup #asiangirlswanted #JapaneseCut‚Ä¶",
27,1512202381072642079,Momdotcom,Thu Apr 07 22:55:17 +0000 2022,How to Calm Yourself When Your Baby Won't Stop Crying https://t.co/2cpP4DucEQ,
28,1512202089803431941,SaventSmart,Thu Apr 07 22:54:08 +0000 2022,#momlife #pregnancy Smokeless Indoor Electric BBQ Grill https://t.co/0LXz8gzuGb https://t.co/JZ4g9XCpDN,"[Media(ID=1512202088171941904, Type=photo, DisplayURL='pic.twitter.com/JZ4g9XCpDN')]"
29,1512201176569196555,leesuh0903,Thu Apr 07 22:50:30 +0000 2022,RT @ttuitupou_: #momlife https://t.co/5p38KHfgtZ,"[Media(ID=1512143491127660545, Type=video, DisplayURL='pic.twitter.com/5p38KHfgtZ')]"
30,1512201071699140608,KidyPlace,Thu Apr 07 22:50:05 +0000 2022,"Oh just take a look at this!

Welcome to https://t.co/kZHwgcDbzv

#momlife #handmade https://t.co/lFI6IQsf8u","[Media(ID=1512201069555859460, Type=photo, DisplayURL='pic.twitter.com/lFI6IQsf8u')]"
31,1512200904191139849,the1smd,Thu Apr 07 22:49:25 +0000 2022,Ok I help busy boss mamas with mindset bc we just be moving in so many emotional directions throughout the day. Tod‚Ä¶ https://t.co/VChE9aWROX,
32,1512200708833091587,rabswild,Thu Apr 07 22:48:38 +0000 2022,"RT @kumiomori: I‚Äôm trying to life betterüòÑ
#dysfunctional #weirdo #momlife #MILF #bignaturalbreasts #nomakeup #asiangirlswanted #JapaneseCut‚Ä¶",
33,1512200404142075905,momlife_est2012,Thu Apr 07 22:47:26 +0000 2022,"RT @kingsteppa_: ‚ÄúWyd after work‚Äù is such a crazy question bro‚Ä¶.. I‚Äôm going to shower, eat, &amp;&amp; sleep üò¥ tf",
34,1512199863114547212,CarleyConcepts,Thu Apr 07 22:45:17 +0000 2022,"Don‚Äôt forget Mom!
#giftcard #giftideas #giftideasforher #mothersday #influencermarketing #sponsored #momlife‚Ä¶ https://t.co/sGlWmxj2NO",
35,1512198927717609479,iam_TCMS,Thu Apr 07 22:41:34 +0000 2022,@illuminaudee Right?? My cup even says #momlife because fr.. https://t.co/42v4KlhdfR,"[Media(ID=1512198925574320134, Type=photo, DisplayURL='pic.twitter.com/42v4KlhdfR')]"
36,1512198548967862272,josecas86077870,Thu Apr 07 22:40:04 +0000 2022,@MomLife_1to8 Quiero chuparlasüòã,
37,1512198390876192770,JanRomes,Thu Apr 07 22:39:26 +0000 2022,"RT @BlueCornerCreas: PersonalizedByHandüî•üíï https://t.co/bwexpj5x83
#groom #bride #wedding #bridesmaids #weddingparty #engaged #anniversary #‚Ä¶",
38,1512198234256691203,josecas86077870,Thu Apr 07 22:38:48 +0000 2022,@MomLife_1to8 Que tetas mas ricaüòãüòãüòã,
39,1512197877786849294,Randy11272916,Thu Apr 07 22:37:23 +0000 2022,"Free Haircuts for the Homeless
           By the Homeless - #Seattle
  
           CHECK OUT THE LINK‚ô•Ô∏è‚Ä¶ https://t.co/AVbWAidDEj",
40,1512196624038080539,AllHailTheStar,Thu Apr 07 22:32:25 +0000 2022,Only few like you actually deserve that prestigious status ‚ù§Ô∏è #bestmomever #mybabiesarelucky #JaxnAutumnsMom‚Ä¶ https://t.co/mcdJOxIFVz,
41,1512196525409058835,NersWords,Thu Apr 07 22:32:01 +0000 2022,My dad‚Äôs school spring break is a week after my kids spring break. I wanted to yeet them to gumpa‚Äôs house. Booooooooooo!!! üó£üó£üó£#momlife,
42,1512196355170701314,swdeculiacan,Thu Apr 07 22:31:20 +0000 2022,"RT @kumiomori: I‚Äôm trying to life betterüòÑ
#dysfunctional #weirdo #momlife #MILF #bignaturalbreasts #nomakeup #asiangirlswanted #JapaneseCut‚Ä¶",
43,1512196209573736449,WriterMeRSNR,Thu Apr 07 22:30:46 +0000 2022,"Working through a wee class about narrative arc, in what turns out to be a super busy week at work, and getting rea‚Ä¶ https://t.co/tDUSRqI62w",
44,1512194942457819137,momgiggles,Thu Apr 07 22:25:44 +0000 2022,RT @_Alexandra_04_: Packing extra charger in my car tomorrow #momlife,
45,1512194916511895554,momgiggles,Thu Apr 07 22:25:37 +0000 2022,RT @BaadeMichelle: I never bought a brand new couch until now. There are 18 years between my oldest and my youngest kids so there never see‚Ä¶,
46,1512194878079393800,momgiggles,Thu Apr 07 22:25:28 +0000 2022,RT @DanaLHall: I'm at that point in my life where I understand my mother's deep sigh and groan when 4-year-old me called her insistently fr‚Ä¶,
47,1512194138103599113,DanaLHall,Thu Apr 07 22:22:32 +0000 2022,I'm at that point in my life where I understand my mother's deep sigh and groan when 4-year-old me called her insis‚Ä¶ https://t.co/iBXWZaspkd,
48,1512194114313502723,BaadeMichelle,Thu Apr 07 22:22:26 +0000 2022,I never bought a brand new couch until now. There are 18 years between my oldest and my youngest kids so there neve‚Ä¶ https://t.co/FZLXQdWEhy,
49,1512193774511927302,kgailsharp,Thu Apr 07 22:21:05 +0000 2022,"Love having a fountain in my office! It is so soothing!

#futuremastercosmetologist #letmefixyourcrown #momlife @ L‚Ä¶ https://t.co/MgdEfMKgfE",
50,1512193580416217088,_Alexandra_04_,Thu Apr 07 22:20:19 +0000 2022,Packing extra charger in my car tomorrow #momlife,
51,1512193079775797254,NoNutTraveler,Thu Apr 07 22:18:20 +0000 2022,"RT @TherapistTamara: I asked allergy dads what they thought the hardest part of allergy parenting was, and what they and their partner/spou‚Ä¶",
52,1512192672488132611,_areolas,Thu Apr 07 22:16:42 +0000 2022,"RT @kumiomori: I‚Äôm trying to life betterüòÑ
#dysfunctional #weirdo #momlife #MILF #bignaturalbreasts #nomakeup #asiangirlswanted #JapaneseCut‚Ä¶",
53,1512192239182655493,DevrathSingh5,Thu Apr 07 22:14:59 +0000 2022,"RT @momincest143: My mom and me fucking her üçÜüçÜüçë
Randi maa ki choday üçÜüçÜüçë
Follow me
Retweet
#mommy #mom #MomIncest #momsonlove #momswap #MOMO‚Ä¶",
54,1512192150993317889,LilABC10,Thu Apr 07 22:14:38 +0000 2022,Personalised First Birthday unicorn or troll rainbow Tutu Set #momlife #babygifts #babyshower #lilabc‚Ä¶ https://t.co/wjGtVDe25O,
55,1512191622234222598,StanPopovich,Thu Apr 07 22:12:32 +0000 2022,"ADVICE
https://t.co/HvEPPmsOGr

#mentalhealthsupport
#MentalIllness
#mentalwellness 
#mindfulness
#momlife
#moms‚Ä¶ https://t.co/ILK5MAF9Xq",
56,1512191339127050254,ibrandamour,Thu Apr 07 22:11:25 +0000 2022,#momlife #homesupplies EcoCoconut Twin Pack Scourers https://t.co/vCZKoodGMP https://t.co/uWy7BlV4GY,"[Media(ID=1512191337407426566, Type=photo, DisplayURL='pic.twitter.com/uWy7BlV4GY')]"
57,1512191263369478146,StanPopovich,Thu Apr 07 22:11:06 +0000 2022,"STAN
https://t.co/7ejvGr4A7w

#mentalhealthsupport
#MentalIllness
#mentalwellness 
#mindfulness
#momlife
#moms‚Ä¶ https://t.co/huj8Nrdzqj",
58,1512190919596032004,jackiefell,Thu Apr 07 22:09:45 +0000 2022,It‚Äôs that time of day. Listening to @AgentPenfold read Big Feelings. Charlie (3) said Hope (1.5) needed this becaus‚Ä¶ https://t.co/9jKuslO68J,
59,1512190890294583301,StanPopovich,Thu Apr 07 22:09:38 +0000 2022,"TRAVEL
https://t.co/XUKeKjBcHj

#mentalhealthsupport
#MentalIllness
#mentalwellness 
#mindfulness
#momlife
#moms‚Ä¶ https://t.co/lymQpUQSO0",
60,1512190785738977285,MaliaMadison9,Thu Apr 07 22:09:13 +0000 2022,#outreach #momlife Fleece Baby Coat with Bear Ears https://t.co/Kc9fWOSahw https://t.co/Fq5nlphEJe,"[Media(ID=1512190783633436684, Type=photo, DisplayURL='pic.twitter.com/Fq5nlphEJe')]"
61,1512190738444001286,A6EJuP1nO5Fm4BG,Thu Apr 07 22:09:01 +0000 2022,"RT @momincest143: Me and my sister at home alone sex
Behen ki choday üçëüçëüçÜüçÜ
Follow me
Retweet
#mommy #mom #MomIncest #momsonlove #momswap #MO‚Ä¶",
62,1512190538950365188,StanPopovich,Thu Apr 07 22:08:14 +0000 2022,"DATE
https://t.co/ka4xr99Evv

#mentalhealthsupport
#MentalIllness
#mentalwellness 
#mindfulness
#momlife
#moms‚Ä¶ https://t.co/P7Pqn5rPHI",
63,1512190129204514819,StanPopovich,Thu Apr 07 22:06:36 +0000 2022,"LIFE
https://t.co/39zAStV4FM

#mentalhealthsupport
#MentalIllness
#mentalwellness 
#mindfulness
#momlife
#moms‚Ä¶ https://t.co/UmXjOWrxMb",
64,1512189925654941699,KitKatsTutus,Thu Apr 07 22:05:48 +0000 2022,"Spring hot cocoa/cider/lemonade/ tea bar.
#spring #pnwspring #springcocoabar #momoffour #momlife https://t.co/HWElpm7HRF",
65,1512189746126151680,StanPopovich,Thu Apr 07 22:05:05 +0000 2022,"MARRIED
https://t.co/ZiYUfuOwQz

#mentalhealthsupport
#MentalIllness
#mentalwellness 
#mindfulness
#momlife
#moms‚Ä¶ https://t.co/gQCt60Dxj4",
66,1512189425027010565,StanPopovich,Thu Apr 07 22:03:48 +0000 2022,"TALK
https://t.co/RAHDsPKF6Q

#mentalhealthsupport
#MentalIllness
#mentalwellness 
#mindfulness
#momlife
#moms‚Ä¶ https://t.co/3ADxoZAV4k",
67,1512189343363854338,DavidMendezMar3,Thu Apr 07 22:03:29 +0000 2022,"RT @kumiomori: I‚Äôm trying to life betterüòÑ
#dysfunctional #weirdo #momlife #MILF #bignaturalbreasts #nomakeup #asiangirlswanted #JapaneseCut‚Ä¶",
68,1512189236069511173,popyum,Thu Apr 07 22:03:03 +0000 2022,"""One whole month of loving you (‚∫£‚ó°‚∫£)‚ô°*"" -Instagram: @gabi.gabi #popyum #cutebaby #cute #baby #babylove #babylife‚Ä¶ https://t.co/qRzoHnYpnM",
69,1512189119706894350,MayEsperanzaL,Thu Apr 07 22:02:35 +0000 2022,Kevin's outfit is literally what I wore during my third trimester #momlife #BBCAN10 https://t.co/lhNNUtPeyl,
70,1512189117219672065,StanPopovich,Thu Apr 07 22:02:35 +0000 2022,"SPEECH!
https://t.co/TYL5OzcQxv

#mentalhealthsupport
#MentalIllness
#mentalwellness 
#mindfulness
#momlife
#moms‚Ä¶ https://t.co/yUUFXDdA5r",
71,1512188954363273220,CourtneyHunts,Thu Apr 07 22:01:56 +0000 2022,@BuschBeer @CashApp BECAUSE MY KIDS STRESS ME OUT! I have 8 games told this weekend between baseball and soccer! üò¨‚Ä¶ https://t.co/KgIqUzpzPW,
72,1512188699555024900,homeschoolcom,Thu Apr 07 22:00:55 +0000 2022,"I find this to be so true! @biglifejournal
#homeschoollife
#momlife
#dadlife https://t.co/jlSO7kRLAt","[Media(ID=1512188698049327114, Type=photo, DisplayURL='pic.twitter.com/jlSO7kRLAt')]"
73,1512188682677149701,StanPopovich,Thu Apr 07 22:00:51 +0000 2022,"GOALS
https://t.co/v5nTNlzdc4

#mentalhealthsupport
#MentalIllness
#mentalwellness 
#mindfulness
#momlife
#moms‚Ä¶ https://t.co/HH2KlCFPg7",
74,1512188446055481350,Alwayshorny1468,Thu Apr 07 21:59:55 +0000 2022,"RT @MrMrsAOHhhK: #Tbt. Having my tits out just makes things more fun. Cleaning isn‚Äôt as bad when I know the neighbors are watching üòÇ. 

#re‚Ä¶",
75,1512188355575963652,StanPopovich,Thu Apr 07 21:59:33 +0000 2022,"FAIL
https://t.co/D9BREtMNt4

#mentalhealthsupport
#MentalIllness
#mentalwellness 
#mindfulness
#momlife
#moms‚Ä¶ https://t.co/4UEDiHBRWE",
76,1512188052990570503,StanPopovich,Thu Apr 07 21:58:21 +0000 2022,"GRIEF
https://t.co/y1Zm6tu6Oq

#mentalhealthsupport
#MentalIllness
#mentalwellness 
#mindfulness
#momlife
#moms‚Ä¶ https://t.co/nTYux1fSbe",
77,1512187732419915783,StanPopovich,Thu Apr 07 21:57:05 +0000 2022,"PTSD
https://t.co/MsiFOyamrB

#mentalhealthsupport
#MentalIllness
#mentalwellness 
#mindfulness
#momlife
#moms‚Ä¶ https://t.co/rZVPrIX9rN",
78,1512187279825149959,StanPopovich,Thu Apr 07 21:55:17 +0000 2022,"ESTEEM
https://t.co/UJH5ttbgJ3

#mentalhealthsupport
#MentalIllness
#mentalwellness 
#mindfulness
#momlife
#moms‚Ä¶ https://t.co/QyZ8yBd8hT",
79,1512187129757155329,redheadangel70,Thu Apr 07 21:54:41 +0000 2022,#momsgetreal #aventpartner #ad I'm the newest member of Philips Avent Momspace ‚Äî a community where moms can get rea‚Ä¶ https://t.co/OeNfSKC664,
80,1512187010370482184,AUTHOR1TYZER0,Thu Apr 07 21:54:13 +0000 2022,"#childhoodanxiety #anxiety #love #depression #memories #mentalhealth #family #kids #selfcare #momlife #stress 
""How‚Ä¶ https://t.co/kyFszy3Iaf",
81,1512186898625835008,StanPopovich,Thu Apr 07 21:53:46 +0000 2022,"PARENT
https://t.co/o8p5asDpq8

#mentalhealthsupport
#MentalIllness
#mentalwellness 
#mindfulness
#momlife
#moms‚Ä¶ https://t.co/iDPMpOzGT8",
82,1512186618215641089,TherapistTamara,Thu Apr 07 21:52:39 +0000 2022,"I asked allergy dads what they thought the hardest part of allergy parenting was, and what they and their partner/s‚Ä¶ https://t.co/8prwQpYk5E",
83,1512186562443943939,StanPopovich,Thu Apr 07 21:52:26 +0000 2022,"HELP
https://t.co/6qcq5VW8na

#mentalhealthsupport
#MentalIllness
#mentalwellness 
#mindfulness
#momlife
#moms‚Ä¶ https://t.co/oMFgDu2ACy",
84,1512186453454897157,MinimalistMerch,Thu Apr 07 21:52:00 +0000 2022,"The Meaning of Mother
#mom #love #momlife #family #baby #mother #dad #happy #kids #instagood #motherhood #mommy‚Ä¶ https://t.co/8wVBGiMr7G",
85,1512186254615531521,rubenva09868563,Thu Apr 07 21:51:12 +0000 2022,"RT @GraceWithin5: When you look at your children &amp; you're so proud of what they've become &amp; say to your spouse..""we did that!"" It's such a‚Ä¶",
86,1512185894383624195,StanPopovich,Thu Apr 07 21:49:46 +0000 2022,"FAME
https://t.co/WY4Uf71MLG

#mentalhealthsupport
#MentalIllness
#mentalwellness 
#mindfulness
#momlife
#moms‚Ä¶ https://t.co/DIBsf52Wly",
87,1512185863572230147,HarmonyPebble,Thu Apr 07 21:49:39 +0000 2022,"RT @BlueCornerCreas: PersonalizedByHandüî•üíï https://t.co/bwexpj5x83
#groom #bride #wedding #bridesmaids #weddingparty #engaged #anniversary #‚Ä¶",
88,1512185847117922319,HarmonyPebble,Thu Apr 07 21:49:35 +0000 2022,"RT @BlueCornerCreas: PersonalizedByHandüî•üíï https://t.co/bwexpj5x83
#groom #bride #wedding #bridesmaids #weddingparty #engaged #anniversary #‚Ä¶",
89,1512185832790183938,HarmonyPebble,Thu Apr 07 21:49:32 +0000 2022,"RT @BlueCornerCreas: PersonalizedByHandüî•üíï https://t.co/bwexpj5x83
#groom #bride #wedding #bridesmaids #weddingparty #engaged #anniversary #‚Ä¶",
90,1512185563285180418,StanPopovich,Thu Apr 07 21:48:27 +0000 2022,"PRAY
https://t.co/u2un4y8F3I

#mentalhealthsupport
#MentalIllness
#mentalwellness 
#mindfulness
#momlife
#moms‚Ä¶ https://t.co/PHnrqM5bGF",
91,1512185208526843908,StanPopovich,Thu Apr 07 21:47:03 +0000 2022,"PET
https://t.co/UNkekjZ96v

#mentalhealthsupport
#MentalIllness
#mentalwellness 
#mindfulness
#momlife
#moms‚Ä¶ https://t.co/4TADnsmlXO",
92,1512185176306159617,casallerdo,Thu Apr 07 21:46:55 +0000 2022,"RT @kumiomori: I‚Äôm trying to life betterüòÑ
#dysfunctional #weirdo #momlife #MILF #bignaturalbreasts #nomakeup #asiangirlswanted #JapaneseCut‚Ä¶",
93,1512185086288048129,BobisBig69,Thu Apr 07 21:46:34 +0000 2022,"RT @kumiomori: I‚Äôm trying to life betterüòÑ
#dysfunctional #weirdo #momlife #MILF #bignaturalbreasts #nomakeup #asiangirlswanted #JapaneseCut‚Ä¶",
94,1512184822978027525,StanPopovich,Thu Apr 07 21:45:31 +0000 2022,"ADDICTION
https://t.co/PMM9upSJuQ

#mentalhealthsupport
#MentalIllness
#mentalwellness 
#mindfulness
#momlife
#moms‚Ä¶ https://t.co/g8mgdFZ63A",
95,1512184790581141512,Tweetsfunding,Thu Apr 07 21:45:23 +0000 2022,"RT @Roxanne93967017: Want Abundance!?!
‚ú®ü§çü¶Ñüåàüí´

Full video on FB/IG

https://t.co/MBVz6Kr19i

#soulpreneur #soulpreneurmom #positivevibes #po‚Ä¶",
96,1512184759966998539,IamSwayla,Thu Apr 07 21:45:16 +0000 2022,#momlife https://t.co/cqiVI1nOEw,
97,1512184713888382980,Roxanne93967017,Thu Apr 07 21:45:05 +0000 2022,"Want Abundance!?!
‚ú®ü§çü¶Ñüåàüí´

Full video on FB/IG

https://t.co/MBVz6Kr19i

#soulpreneur #soulpreneurmom #positivevibes‚Ä¶ https://t.co/HRkZkvaiXA",
98,1512184471696683009,StanPopovich,Thu Apr 07 21:44:07 +0000 2022,"LEADER
https://t.co/s7HKy3gPqe

#mentalhealthsupport
#MentalIllness
#mentalwellness 
#mindfulness
#momlife
#moms‚Ä¶ https://t.co/hbxVAl6kR1",
99,1512184291232526337,Dailmamamoose,Thu Apr 07 21:43:24 +0000 2022,"RT @GraceWithin5: When you look at your children &amp; you're so proud of what they've become &amp; say to your spouse..""we did that!"" It's such a‚Ä¶",
